,STATION,DATE,LATITUDE,LONGITUDE,ELEVATION,NAME,TEMP,TEMP_ATTRIBUTES,DEWP,DEWP_ATTRIBUTES,SLP,SLP_ATTRIBUTES,STP,STP_ATTRIBUTES,VISIB,VISIB_ATTRIBUTES,WDSP,WDSP_ATTRIBUTES,MXSPD,GUST,MAX,MAX_ATTRIBUTES,MIN,MIN_ATTRIBUTES,PRCP,PRCP_ATTRIBUTES,SNDP,FRSHTT
0,8181099999,2019-01-01,41.297078,2.078464,3.65,"BARCELONA, SP",49.6,24,40.5,24,9999.9,0,999.9,0,6.7,24,8.6,24,14.0,22.0,62.6,*,41.0,*,0.0,I,999.9,0
1,8181099999,2019-01-02,41.297078,2.078464,3.65,"BARCELONA, SP",46.2,24,33.9,24,9999.9,0,999.9,0,6.7,24,13.5,24,17.1,27.0,55.4,*,41.0,*,0.0,I,999.9,0
2,8181099999,2019-01-03,41.297078,2.078464,3.65,"BARCELONA, SP",44.1,24,34.1,24,9999.9,0,999.9,0,6.6,24,10.6,24,19.0,25.1,56.7,*,37.4,*,0.0,I,999.9,0
3,8181099999,2019-01-04,41.297078,2.078464,3.65,"BARCELONA, SP",43.1,24,33.7,24,9999.9,0,999.9,0,6.4,24,8.3,24,13.0,18.1,54.9,*,35.6,*,0.0,I,999.9,0
4,8181099999,2019-01-05,41.297078,2.078464,3.65,"BARCELONA, SP",45.5,24,32.2,24,9999.9,0,999.9,0,6.3,24,11.8,24,17.1,27.0,55.6,*,37.4,*,0.0,I,999.9,0
5,8181099999,2019-01-06,41.297078,2.078464,3.65,"BARCELONA, SP",50.6,24,28.7,24,9999.9,0,999.9,0,6.7,24,13.7,24,19.0,31.1,62.1,*,42.8,*,0.0,I,999.9,0
6,8181099999,2019-01-07,41.297078,2.078464,3.65,"BARCELONA, SP",47.4,24,30.7,24,9999.9,0,999.9,0,6.7,24,9.7,24,14.0,22.9,60.3,*,42.8,*,0.0,I,999.9,0
7,8181099999,2019-01-08,41.297078,2.078464,3.65,"BARCELONA, SP",44.3,24,32.3,24,9999.9,0,999.9,0,6.3,24,11.8,24,15.0,26.0,55.4,*,37.4,*,0.0,I,999.9,0
8,8181099999,2019-01-09,41.297078,2.078464,3.65,"BARCELONA, SP",48.8,24,37.5,24,9999.9,0,999.9,0,6.4,24,7.9,24,14.0,22.0,58.5,*,42.8,*,0.0,I,999.9,0
9,8181099999,2019-01-10,41.297078,2.078464,3.65,"BARCELONA, SP",44.7,24,25.6,24,9999.9,0,999.9,0,6.4,24,7.8,24,15.0,22.0,54.9,*,37.4,*,0.0,I,999.9,0
10,8181099999,2019-01-11,41.297078,2.078464,3.65,"BARCELONA, SP",40.6,24,23.1,24,9999.9,0,999.9,0,6.7,24,9.1,24,14.0,49.9,51.8,*,33.8,*,0.0,I,999.9,0
11,8181099999,2019-01-12,41.297078,2.078464,3.65,"BARCELONA, SP",43.1,24,29.6,24,9999.9,0,999.9,0,7.1,24,9.0,24,15.9,29.9,56.3,*,35.6,*,0.0,I,999.9,0
12,8181099999,2019-01-13,41.297078,2.078464,3.65,"BARCELONA, SP",46.7,24,35.7,24,9999.9,0,999.9,0,6.0,24,9.5,24,17.1,22.0,59.2,*,37.4,*,0.0,I,999.9,0
13,8181099999,2019-01-14,41.297078,2.078464,3.65,"BARCELONA, SP",52.2,24,41.2,24,9999.9,0,999.9,0,6.7,24,8.7,24,14.0,27.0,61.7,*,46.4,*,0.0,I,999.9,0
14,8181099999,2019-01-15,41.297078,2.078464,3.65,"BARCELONA, SP",47.8,24,40.8,24,9999.9,0,999.9,0,6.4,24,8.7,24,14.0,24.1,58.1,*,41.0,*,0.0,I,999.9,0
15,8181099999,2019-01-16,41.297078,2.078464,3.65,"BARCELONA, SP",48.8,24,43.1,24,9999.9,0,999.9,0,6.3,24,7.4,24,12.0,20.0,58.5,*,42.4, ,0.0,I,999.9,0
16,8181099999,2019-01-17,41.297078,2.078464,3.65,"BARCELONA, SP",49.9,24,42.5,24,9999.9,0,999.9,0,5.9,24,8.2,24,15.9,24.1,59.0,*,44.6,*,99.99, ,999.9,10000
17,8181099999,2019-01-18,41.297078,2.078464,3.65,"BARCELONA, SP",45.2,24,38.2,24,9999.9,0,999.9,0,6.0,24,10.7,24,15.9,29.9,50.4,*,41.0,*,0.47,G,999.9,10000
18,8181099999,2019-01-19,41.297078,2.078464,3.65,"BARCELONA, SP",44.4,24,36.6,24,9999.9,0,999.9,0,6.3,24,8.0,24,14.0,24.1,54.7,*,37.4,*,0.0,G,999.9,0
19,8181099999,2019-01-20,41.297078,2.078464,3.65,"BARCELONA, SP",45.9,24,41.9,24,9999.9,0,999.9,0,5.4,24,8.9,24,18.1,999.9,50.4,*,41.0,*,0.19,G,999.9,10000
20,8181099999,2019-01-21,41.297078,2.078464,3.65,"BARCELONA, SP",44.5,24,38.1,24,9999.9,0,999.9,0,6.2,24,7.8,24,13.0,29.9,55.4,*,38.7,*,0.61,G,999.9,0
21,8181099999,2019-01-22,41.297078,2.078464,3.65,"BARCELONA, SP",42.6,24,32.2,24,9999.9,0,999.9,0,6.4,24,8.7,24,14.0,24.1,50.0,*,35.6,*,0.0,G,999.9,0
22,8181099999,2019-01-23,41.297078,2.078464,3.65,"BARCELONA, SP",45.8,24,35.3,24,9999.9,0,999.9,0,6.9,24,7.5,24,17.1,22.9,56.3,*,37.4,*,99.99, ,999.9,10000
23,8181099999,2019-01-24,41.297078,2.078464,3.65,"BARCELONA, SP",46.1,24,19.8,24,9999.9,0,999.9,0,6.7,24,11.0,24,22.9,35.0,57.6,*,37.4,*,0.0,I,999.9,0
24,8181099999,2019-01-25,41.297078,2.078464,3.65,"BARCELONA, SP",45.2,24,29.6,24,9999.9,0,999.9,0,6.7,24,5.8,24,9.9,18.1,57.6,*,35.2, ,0.0,I,999.9,0
25,8181099999,2019-01-26,41.297078,2.078464,3.65,"BARCELONA, SP",49.8,24,42.6,24,9999.9,0,999.9,0,6.5,24,8.5,24,15.0,21.0,59.4,*,41.0,*,0.0,I,999.9,0
26,8181099999,2019-01-27,41.297078,2.078464,3.65,"BARCELONA, SP",50.4,24,36.7,24,9999.9,0,999.9,0,6.3,24,10.0,24,22.0,34.0,62.1,*,42.8,*,0.0,I,999.9,0
27,8181099999,2019-01-28,41.297078,2.078464,3.65,"BARCELONA, SP",49.9,24,34.2,24,9999.9,0,999.9,0,6.7,24,11.2,24,25.1,32.1,59.4,*,42.8,*,0.0,I,999.9,0
28,8181099999,2019-01-29,41.297078,2.078464,3.65,"BARCELONA, SP",46.3,24,36.6,24,9999.9,0,999.9,0,7.2,24,7.6,24,13.0,22.9,50.9,*,42.8,*,99.99, ,999.9,10000
29,8181099999,2019-01-30,41.297078,2.078464,3.65,"BARCELONA, SP",49.4,24,32.2,24,9999.9,0,999.9,0,7.2,24,11.7,24,20.0,27.0,58.1,*,42.8,*,0.0,I,999.9,0
30,8181099999,2019-01-31,41.297078,2.078464,3.65,"BARCELONA, SP",52.1,24,41.5,24,9999.9,0,999.9,0,6.6,24,6.5,24,17.1,999.9,59.9,*,44.6,*,0.0,I,999.9,0
31,8181099999,2019-02-01,41.297078,2.078464,3.65,"BARCELONA, SP",55.4,24,47.8,24,9999.9,0,999.9,0,6.1,24,10.8,24,20.0,26.0,59.0,*,48.2,*,0.0,G,999.9,10010
32,8181099999,2019-02-02,41.297078,2.078464,3.65,"BARCELONA, SP",49.2,24,32.2,24,9999.9,0,999.9,0,6.7,24,10.9,24,15.9,25.1,55.6,*,45.7, ,0.01,G,999.9,0
33,8181099999,2019-02-03,41.297078,2.078464,3.65,"BARCELONA, SP",47.7,24,14.7,24,9999.9,0,999.9,0,6.7,24,10.2,24,16.9,24.1,56.7,*,41.0, ,0.0,G,999.9,0
34,8181099999,2019-02-04,41.297078,2.078464,3.65,"BARCELONA, SP",45.3,24,24.2,24,9999.9,0,999.9,0,6.7,24,7.7,24,15.9,26.0,55.6,*,37.4,*,0.0,I,999.9,0
35,8181099999,2019-02-05,41.297078,2.078464,3.65,"BARCELONA, SP",49.6,24,39.0,24,9999.9,0,999.9,0,6.7,24,6.4,24,11.1,27.0,58.3,*,42.8,*,0.0,I,999.9,0
36,8181099999,2019-02-06,41.297078,2.078464,3.65,"BARCELONA, SP",50.8,24,44.7,24,9999.9,0,999.9,0,6.3,24,7.7,24,12.0,22.0,59.9,*,44.6, ,0.0,I,999.9,0
37,8181099999,2019-02-07,41.297078,2.078464,3.65,"BARCELONA, SP",49.7,24,45.4,24,9999.9,0,999.9,0,4.5,24,5.1,24,8.9,19.0,57.4,*,44.1,*,0.0,I,999.9,0
38,8181099999,2019-02-08,41.297078,2.078464,3.65,"BARCELONA, SP",50.4,24,45.5,24,9999.9,0,999.9,0,4.6,24,8.6,24,19.0,999.9,58.5,*,42.8,*,0.0,I,999.9,100000
39,8181099999,2019-02-09,41.297078,2.078464,3.65,"BARCELONA, SP",50.6,24,45.5,24,9999.9,0,999.9,0,4.2,24,4.2,24,9.9,15.9,59.4,*,44.2, ,0.0,I,999.9,0
40,8181099999,2019-02-10,41.297078,2.078464,3.65,"BARCELONA, SP",54.1,24,43.7,24,9999.9,0,999.9,0,5.3,24,9.3,24,22.9,28.0,65.7,*,42.8,*,0.0,I,999.9,0
41,8181099999,2019-02-11,41.297078,2.078464,3.65,"BARCELONA, SP",52.9,24,41.0,24,9999.9,0,999.9,0,6.4,24,6.2,24,11.1,21.0,62.6,*,46.4,*,0.0,I,999.9,0
42,8181099999,2019-02-12,41.297078,2.078464,3.65,"BARCELONA, SP",49.2,24,39.2,24,9999.9,0,999.9,0,6.4,24,9.5,24,15.0,24.1,58.5,*,41.0,*,0.0,I,999.9,0
43,8181099999,2019-02-13,41.297078,2.078464,3.65,"BARCELONA, SP",47.8,24,38.4,24,9999.9,0,999.9,0,6.6,24,6.5,24,12.0,22.9,58.5,*,39.2,*,0.0,I,999.9,0
44,8181099999,2019-02-14,41.297078,2.078464,3.65,"BARCELONA, SP",46.9,24,40.3,24,9999.9,0,999.9,0,6.2,24,8.7,24,13.0,25.1,57.2,*,39.2,*,0.0,I,999.9,0
45,8181099999,2019-02-15,41.297078,2.078464,3.65,"BARCELONA, SP",46.8,24,39.7,24,9999.9,0,999.9,0,6.5,24,7.5,24,12.0,999.9,57.6,*,37.4,*,0.0,I,999.9,0
46,8181099999,2019-02-16,41.297078,2.078464,3.65,"BARCELONA, SP",47.7,24,37.4,24,9999.9,0,999.9,0,6.3,24,6.9,24,14.0,24.1,61.7,*,37.4,*,0.0,I,999.9,0
47,8181099999,2019-02-17,41.297078,2.078464,3.65,"BARCELONA, SP",47.2,24,37.8,24,9999.9,0,999.9,0,6.3,24,6.4,24,12.0,22.0,58.3,*,39.2,*,0.0,I,999.9,0
48,8181099999,2019-02-18,41.297078,2.078464,3.65,"BARCELONA, SP",50.3,24,44.2,24,9999.9,0,999.9,0,5.6,24,7.4,24,13.0,999.9,60.8,*,41.0,*,0.0,I,999.9,0
49,8181099999,2019-02-19,41.297078,2.078464,3.65,"BARCELONA, SP",51.5,24,44.6,24,9999.9,0,999.9,0,5.8,24,5.9,24,9.9,20.0,59.4,*,45.9,*,0.0,I,999.9,0
50,8181099999,2019-02-20,41.297078,2.078464,3.65,"BARCELONA, SP",52.5,24,42.5,24,9999.9,0,999.9,0,6.2,24,4.6,24,8.0,999.9,61.7,*,44.6,*,0.0,I,999.9,0
51,8181099999,2019-02-21,41.297078,2.078464,3.65,"BARCELONA, SP",49.0,24,43.1,24,9999.9,0,999.9,0,5.8,24,8.4,24,13.0,999.9,58.1,*,41.0,*,0.0,I,999.9,0
52,8181099999,2019-02-22,41.297078,2.078464,3.65,"BARCELONA, SP",54.1,24,44.0,24,9999.9,0,999.9,0,5.6,24,8.5,24,13.0,25.1,65.7,*,44.6,*,0.0,I,999.9,0
53,8181099999,2019-02-23,41.297078,2.078464,3.65,"BARCELONA, SP",55.3,24,44.4,24,9999.9,0,999.9,0,6.2,24,8.2,24,12.0,25.1,66.2,*,48.2, ,0.0,I,999.9,0
54,8181099999,2019-02-24,41.297078,2.078464,3.65,"BARCELONA, SP",51.8,24,44.0,24,9999.9,0,999.9,0,6.3,24,5.6,24,9.9,999.9,59.9,*,44.6,*,0.0,I,999.9,0
55,8181099999,2019-02-25,41.297078,2.078464,3.65,"BARCELONA, SP",50.5,24,44.4,24,9999.9,0,999.9,0,6.0,24,6.7,24,12.0,18.1,60.1,*,42.8,*,0.0,I,999.9,0
56,8181099999,2019-02-26,41.297078,2.078464,3.65,"BARCELONA, SP",53.5,24,43.3,24,9999.9,0,999.9,0,6.2,24,6.3,24,11.1,17.1,65.7,*,46.4,*,0.0,I,999.9,0
57,8181099999,2019-02-27,41.297078,2.078464,3.65,"BARCELONA, SP",52.9,24,46.4,24,9999.9,0,999.9,0,6.0,24,6.9,24,13.0,999.9,61.9,*,46.2, ,0.0,I,999.9,0
58,8181099999,2019-02-28,41.297078,2.078464,3.65,"BARCELONA, SP",54.6,24,46.4,24,9999.9,0,999.9,0,5.1,24,4.7,24,9.9,999.9,66.2,*,47.8, ,0.0,I,999.9,0
59,8181099999,2019-03-01,41.297078,2.078464,3.65,"BARCELONA, SP",53.2,24,46.0,24,9999.9,0,999.9,0,5.4,24,5.0,24,9.9,999.9,61.0,*,46.4,*,0.0,I,999.9,100000
60,8181099999,2019-03-02,41.297078,2.078464,3.65,"BARCELONA, SP",54.5,24,47.7,24,9999.9,0,999.9,0,5.1,24,6.2,24,14.0,20.0,62.1,*,50.0,*,0.0,I,999.9,0
61,8181099999,2019-03-03,41.297078,2.078464,3.65,"BARCELONA, SP",54.9,24,47.7,24,9999.9,0,999.9,0,6.0,24,10.9,24,20.0,999.9,64.4,*,46.4,*,0.0,I,999.9,0
62,8181099999,2019-03-04,41.297078,2.078464,3.65,"BARCELONA, SP",60.4,24,45.2,24,9999.9,0,999.9,0,6.2,24,10.2,24,22.0,999.9,72.5,*,51.6, ,0.0,I,999.9,0
63,8181099999,2019-03-05,41.297078,2.078464,3.65,"BARCELONA, SP",55.2,24,45.5,24,9999.9,0,999.9,0,6.3,24,5.2,24,8.9,999.9,62.6,*,50.0, ,0.0,I,999.9,0
64,8181099999,2019-03-06,41.297078,2.078464,3.65,"BARCELONA, SP",54.9,24,50.4,24,9999.9,0,999.9,0,5.6,24,4.2,24,11.1,15.9,60.1,*,50.0, ,99.99, ,999.9,10000
65,8181099999,2019-03-07,41.297078,2.078464,3.65,"BARCELONA, SP",57.0,24,41.2,24,9999.9,0,999.9,0,6.7,24,8.6,24,18.1,999.9,66.6,*,50.0,*,0.01,G,999.9,0
66,8181099999,2019-03-08,41.297078,2.078464,3.65,"BARCELONA, SP",53.5,24,40.1,24,9999.9,0,999.9,0,6.7,24,6.3,24,12.0,22.9,63.5,*,44.6,*,0.0,G,999.9,0
67,8181099999,2019-03-09,41.297078,2.078464,3.65,"BARCELONA, SP",54.0,24,42.7,24,9999.9,0,999.9,0,6.4,24,8.7,24,15.0,19.0,63.9,*,44.6, ,0.0,I,999.9,0
68,8181099999,2019-03-10,41.297078,2.078464,3.65,"BARCELONA, SP",56.5,24,48.2,24,9999.9,0,999.9,0,7.2,24,6.2,24,12.0,999.9,64.4,*,49.8, ,0.0,I,999.9,0
69,8181099999,2019-03-11,41.297078,2.078464,3.65,"BARCELONA, SP",56.1,24,49.6,24,9999.9,0,999.9,0,6.3,24,7.9,24,15.9,999.9,62.1,*,51.8,*,0.0,I,999.9,0
70,8181099999,2019-03-12,41.297078,2.078464,3.65,"BARCELONA, SP",56.0,24,50.0,24,9999.9,0,999.9,0,6.2,24,8.7,24,17.1,999.9,61.9,*,50.0,*,99.99, ,999.9,10000
71,8181099999,2019-03-13,41.297078,2.078464,3.65,"BARCELONA, SP",53.0,21,47.6,21,9999.9,0,999.9,0,6.9,21,6.4,21,13.0,17.1,57.4, ,50.0,*,0.0,G,999.9,10000
72,8181099999,2019-03-14,41.297078,2.078464,3.65,"BARCELONA, SP",53.5,24,39.8,24,9999.9,0,999.9,0,6.4,24,10.0,24,18.1,22.0,63.0,*,44.6,*,0.0,G,999.9,0
73,8181099999,2019-03-15,41.297078,2.078464,3.65,"BARCELONA, SP",56.4,24,41.1,24,9999.9,0,999.9,0,6.7,24,8.1,24,14.0,22.0,65.3,*,50.0,*,0.0,I,999.9,0
74,8181099999,2019-03-16,41.297078,2.078464,3.65,"BARCELONA, SP",55.3,24,49.9,24,1024.1,7,23.5,7,6.7,24,9.1,24,20.0,999.9,62.6,*,49.8, ,0.0,I,999.9,0
75,8181099999,2019-03-17,41.297078,2.078464,3.65,"BARCELONA, SP",54.8,24,49.1,24,9999.9,0,999.9,0,5.9,24,6.8,24,18.1,999.9,61.7,*,48.2,*,0.0,I,999.9,100000
76,8181099999,2019-03-18,41.297078,2.078464,3.65,"BARCELONA, SP",52.6,24,37.3,24,9999.9,0,999.9,0,6.3,24,6.0,24,14.0,48.0,59.0,*,46.4,*,0.0,I,999.9,0
77,8181099999,2019-03-19,41.297078,2.078464,3.65,"BARCELONA, SP",53.4,24,40.1,24,9999.9,0,999.9,0,6.5,24,7.0,24,12.0,20.0,59.4,*,48.2,*,0.0,I,999.9,0
78,8181099999,2019-03-20,41.297078,2.078464,3.65,"BARCELONA, SP",52.6,24,39.0,24,9999.9,0,999.9,0,6.7,24,6.7,24,15.0,21.0,60.3,*,44.6,*,0.0,I,999.9,0
79,8181099999,2019-03-21,41.297078,2.078464,3.65,"BARCELONA, SP",52.1,24,36.0,24,9999.9,0,999.9,0,6.6,24,8.5,24,19.0,999.9,62.4, ,42.8,*,0.0,E,999.9,0
80,8181099999,2019-03-22,41.297078,2.078464,3.65,"BARCELONA, SP",55.8,24,35.4,24,9999.9,0,999.9,0,6.4,24,9.1,24,16.9,999.9,67.5,*,46.4,*,0.0,I,999.9,0
81,8181099999,2019-03-23,41.297078,2.078464,3.65,"BARCELONA, SP",57.9,24,36.8,24,9999.9,0,999.9,0,6.5,24,9.9,24,14.0,999.9,68.9,*,48.0, ,0.0,I,999.9,0
82,8181099999,2019-03-24,41.297078,2.078464,3.65,"BARCELONA, SP",60.0,24,37.0,24,9999.9,0,999.9,0,6.7,24,6.7,24,12.0,22.9,71.1,*,51.6, ,0.0,I,999.9,0
83,8181099999,2019-03-25,41.297078,2.078464,3.65,"BARCELONA, SP",59.2,24,43.7,24,9999.9,0,999.9,0,6.5,24,9.2,24,21.0,999.9,71.1,*,50.0,*,0.0,I,999.9,0
84,8181099999,2019-03-26,41.297078,2.078464,3.65,"BARCELONA, SP",56.6,24,39.9,24,9999.9,0,999.9,0,6.3,24,8.2,24,14.0,26.0,69.3,*,50.0, ,0.0,I,999.9,0
85,8181099999,2019-03-27,41.297078,2.078464,3.65,"BARCELONA, SP",52.4,24,38.6,24,9999.9,0,999.9,0,6.5,24,7.2,24,13.0,24.1,62.1,*,42.8, ,0.0,I,999.9,0
86,8181099999,2019-03-28,41.297078,2.078464,3.65,"BARCELONA, SP",53.5,24,40.5,24,9999.9,0,999.9,0,6.5,24,7.1,24,14.0,25.1,63.0,*,44.6,*,0.0,I,999.9,100000
87,8181099999,2019-03-29,41.297078,2.078464,3.65,"BARCELONA, SP",54.0,24,41.7,24,9999.9,0,999.9,0,6.9,24,7.5,24,12.0,19.0,62.1,*,46.2, ,0.0,I,999.9,0
88,8181099999,2019-03-30,41.297078,2.078464,3.65,"BARCELONA, SP",53.2,24,42.7,24,9999.9,0,999.9,0,6.5,24,7.6,24,11.1,22.9,61.7,*,42.8,*,0.0,I,999.9,0
89,8181099999,2019-03-31,41.297078,2.078464,3.65,"BARCELONA, SP",55.4,24,46.8,24,9999.9,0,999.9,0,6.5,24,10.8,24,18.1,999.9,61.9,*,50.0,*,0.0,I,999.9,0
90,8181099999,2019-04-01,41.297078,2.078464,3.65,"BARCELONA, SP",56.9,24,45.3,24,9999.9,0,999.9,0,6.7,24,5.5,24,8.0,999.9,64.4,*,50.0,*,0.0,I,999.9,0
91,8181099999,2019-04-02,41.297078,2.078464,3.65,"BARCELONA, SP",57.1,24,50.2,24,9999.9,0,999.9,0,6.5,24,9.1,24,19.0,999.9,63.7,*,51.6, ,99.99, ,999.9,10000
92,8181099999,2019-04-03,41.297078,2.078464,3.65,"BARCELONA, SP",56.8,24,51.1,24,9999.9,0,999.9,0,6.0,24,5.8,24,13.0,22.9,63.0,*,50.0,*,0.04,E,999.9,10000
93,8181099999,2019-04-04,41.297078,2.078464,3.65,"BARCELONA, SP",51.5,24,36.6,24,9999.9,0,999.9,0,6.7,24,7.6,24,14.0,24.1,59.9,*,42.8, ,0.13,G,999.9,10000
94,8181099999,2019-04-05,41.297078,2.078464,3.65,"BARCELONA, SP",53.1,24,45.6,24,9999.9,0,999.9,0,6.7,24,8.6,24,17.1,999.9,62.1,*,42.8,*,0.0,G,999.9,10000
95,8181099999,2019-04-06,41.297078,2.078464,3.65,"BARCELONA, SP",54.8,24,42.2,24,9999.9,0,999.9,0,6.7,24,10.0,24,17.1,999.9,64.6,*,46.4,*,0.09,G,999.9,10000
96,8181099999,2019-04-07,41.297078,2.078464,3.65,"BARCELONA, SP",52.9,24,43.1,24,9999.9,0,999.9,0,6.7,24,7.6,24,13.0,22.0,62.8,*,46.4,*,0.02,G,999.9,10000
97,8181099999,2019-04-08,41.297078,2.078464,3.65,"BARCELONA, SP",54.8,24,47.5,24,9999.9,0,999.9,0,6.6,24,9.5,24,18.1,19.0,64.4,*,44.6,*,0.05,G,999.9,10000
98,8181099999,2019-04-09,41.297078,2.078464,3.65,"BARCELONA, SP",54.7,24,49.1,24,9999.9,0,999.9,0,6.4,24,7.0,24,14.0,19.0,61.7,*,46.4,*,0.07,G,999.9,10110
99,8181099999,2019-04-10,41.297078,2.078464,3.65,"BARCELONA, SP",54.7,24,45.8,24,9999.9,0,999.9,0,6.5,24,7.6,24,13.0,24.1,65.3,*,48.2,*,0.42,G,999.9,10010
100,8181099999,2019-04-11,41.297078,2.078464,3.65,"BARCELONA, SP",57.9,24,42.8,24,9999.9,0,999.9,0,6.7,24,7.7,24,14.0,21.0,66.2,*,50.0,*,0.04,G,999.9,0
101,8181099999,2019-04-12,41.297078,2.078464,3.65,"BARCELONA, SP",58.2,24,44.0,24,9999.9,0,999.9,0,6.7,24,7.8,24,12.0,22.9,64.4,*,53.6, ,0.0,G,999.9,0
102,8181099999,2019-04-13,41.297078,2.078464,3.65,"BARCELONA, SP",57.3,24,47.3,24,9999.9,0,999.9,0,5.7,24,7.3,24,12.0,22.0,66.4,*,50.0, ,0.0,I,999.9,0
103,8181099999,2019-04-14,41.297078,2.078464,3.65,"BARCELONA, SP",55.3,24,47.1,24,9999.9,0,999.9,0,6.5,24,7.6,24,12.0,19.0,62.1,*,48.2,*,0.0,I,999.9,0
104,8181099999,2019-04-15,41.297078,2.078464,3.65,"BARCELONA, SP",56.6,24,44.7,24,9999.9,0,999.9,0,6.3,24,6.0,24,11.1,999.9,61.0,*,51.8,*,0.0,I,999.9,10
105,8181099999,2019-04-16,41.297078,2.078464,3.65,"BARCELONA, SP",57.0,24,47.8,24,9999.9,0,999.9,0,6.6,24,6.0,24,9.9,27.0,68.0,*,51.8,*,0.0,I,999.9,10
106,8181099999,2019-04-17,41.297078,2.078464,3.65,"BARCELONA, SP",57.4,24,50.8,24,9999.9,0,999.9,0,5.8,24,5.2,24,9.9,999.9,63.7,*,51.8,*,0.0,I,999.9,0
107,8181099999,2019-04-18,41.297078,2.078464,3.65,"BARCELONA, SP",60.0,24,51.0,24,9999.9,0,999.9,0,6.5,24,17.3,24,28.9,49.0,65.3,*,57.2,*,99.99, ,999.9,10000
108,8181099999,2019-04-19,41.297078,2.078464,3.65,"BARCELONA, SP",62.8,24,48.3,24,9999.9,0,999.9,0,6.7,24,21.3,24,30.9,35.9,68.2,*,59.0,*,0.0,I,999.9,0
109,8181099999,2019-04-20,41.297078,2.078464,3.65,"BARCELONA, SP",62.3,24,43.5,24,9999.9,0,999.9,0,6.7,24,18.5,24,25.1,52.1,65.7,*,57.2,*,99.99, ,999.9,10000
110,8181099999,2019-04-21,41.297078,2.078464,3.65,"BARCELONA, SP",61.8,24,46.7,24,9999.9,0,999.9,0,6.8,24,17.7,24,29.9,35.9,66.6,*,55.4,*,99.99, ,999.9,10000
111,8181099999,2019-04-22,41.297078,2.078464,3.65,"BARCELONA, SP",61.8,24,48.2,24,9999.9,0,999.9,0,6.7,24,14.3,24,23.9,28.0,63.9,*,57.2,*,0.01,E,999.9,10010
112,8181099999,2019-04-23,41.297078,2.078464,3.65,"BARCELONA, SP",59.7,24,54.8,24,9999.9,0,999.9,0,5.8,24,5.2,24,13.0,999.9,65.5,*,57.2,*,0.09,G,999.9,10000
113,8181099999,2019-04-24,41.297078,2.078464,3.65,"BARCELONA, SP",59.8,24,49.4,24,9999.9,0,999.9,0,6.4,24,11.1,24,22.9,999.9,64.4,*,53.6,*,0.0,G,999.9,10001
114,8181099999,2019-04-25,41.297078,2.078464,3.65,"BARCELONA, SP",60.3,24,53.7,24,9999.9,0,999.9,0,6.0,24,8.2,24,14.0,999.9,63.5,*,55.4,*,0.02,E,999.9,10000
115,8181099999,2019-04-26,41.297078,2.078464,3.65,"BARCELONA, SP",62.1,24,43.0,24,9999.9,0,999.9,0,7.2,24,10.5,24,15.9,26.0,75.6,*,53.6,*,0.0,I,999.9,0
116,8181099999,2019-04-27,41.297078,2.078464,3.65,"BARCELONA, SP",58.4,24,47.4,24,9999.9,0,999.9,0,6.6,24,6.2,24,12.0,999.9,67.1,*,50.0,*,0.0,I,999.9,0
117,8181099999,2019-04-28,41.297078,2.078464,3.65,"BARCELONA, SP",57.1,24,48.6,24,9999.9,0,999.9,0,6.5,24,5.4,24,9.9,24.1,62.1,*,51.6, ,0.0,I,999.9,0
118,8181099999,2019-04-29,41.297078,2.078464,3.65,"BARCELONA, SP",59.7,24,52.7,24,9999.9,0,999.9,0,6.3,24,5.9,24,15.0,999.9,64.8,*,57.2,*,0.0,I,999.9,0
119,8181099999,2019-04-30,41.297078,2.078464,3.65,"BARCELONA, SP",61.0,24,55.4,24,9999.9,0,999.9,0,6.3,24,9.3,24,18.1,999.9,65.7,*,57.2,*,0.01,G,999.9,10000
120,8181099999,2019-05-01,41.297078,2.078464,3.65,"BARCELONA, SP",60.3,24,54.6,24,9999.9,0,999.9,0,6.3,24,9.5,24,18.1,999.9,66.6,*,53.6,*,0.0,G,999.9,0
121,8181099999,2019-05-02,41.297078,2.078464,3.65,"BARCELONA, SP",59.8,24,51.9,24,9999.9,0,999.9,0,7.0,24,4.8,24,11.1,15.0,66.4,*,53.6,*,0.0,I,999.9,0
122,8181099999,2019-05-03,41.297078,2.078464,3.65,"BARCELONA, SP",55.8,24,51.4,24,9999.9,0,999.9,0,5.0,24,4.3,24,11.1,999.9,59.9,*,51.8,*,1.06,E,999.9,10000
123,8181099999,2019-05-04,41.297078,2.078464,3.65,"BARCELONA, SP",57.4,24,48.7,24,9999.9,0,999.9,0,6.5,24,10.1,24,21.0,22.9,67.5,*,48.2,*,0.12,E,999.9,0
124,8181099999,2019-05-05,41.297078,2.078464,3.65,"BARCELONA, SP",60.6,24,40.3,24,9999.9,0,999.9,0,6.6,24,9.7,24,18.1,24.1,73.6,*,51.8,*,0.0,I,999.9,0
125,8181099999,2019-05-06,41.297078,2.078464,3.65,"BARCELONA, SP",57.7,24,44.5,24,9999.9,0,999.9,0,6.9,24,8.3,24,15.0,22.9,63.9,*,50.0,*,0.0,I,999.9,0
126,8181099999,2019-05-07,41.297078,2.078464,3.65,"BARCELONA, SP",58.1,24,51.9,24,9999.9,0,999.9,0,6.5,24,6.0,24,11.1,999.9,63.9,*,51.8,*,99.99, ,999.9,10000
127,8181099999,2019-05-08,41.297078,2.078464,3.65,"BARCELONA, SP",62.4,24,58.9,24,9999.9,0,999.9,0,5.4,24,11.8,24,21.0,54.0,67.5,*,60.8, ,99.99, ,999.9,10000
128,8181099999,2019-05-09,41.297078,2.078464,3.65,"BARCELONA, SP",62.1,24,53.3,24,9999.9,0,999.9,0,6.2,24,6.3,24,15.0,999.9,69.3,*,55.4,*,0.01,G,999.9,0
129,8181099999,2019-05-10,41.297078,2.078464,3.65,"BARCELONA, SP",63.4,24,54.8,24,9999.9,0,999.9,0,6.5,24,5.1,24,9.9,999.9,69.3,*,57.2,*,0.0,G,999.9,10000
130,8181099999,2019-05-11,41.297078,2.078464,3.65,"BARCELONA, SP",63.2,24,56.1,24,9999.9,0,999.9,0,6.3,24,6.7,24,12.0,999.9,69.8,*,59.0,*,0.01,G,999.9,0
131,8181099999,2019-05-12,41.297078,2.078464,3.65,"BARCELONA, SP",60.9,24,49.7,24,9999.9,0,999.9,0,6.4,24,7.6,24,12.0,25.1,68.4,*,53.6,*,0.0,G,999.9,0
132,8181099999,2019-05-13,41.297078,2.078464,3.65,"BARCELONA, SP",60.7,24,48.1,24,9999.9,0,999.9,0,6.8,24,7.6,24,13.0,999.9,67.3,*,53.6, ,0.0,I,999.9,0
133,8181099999,2019-05-14,41.297078,2.078464,3.65,"BARCELONA, SP",60.6,24,52.9,24,9999.9,0,999.9,0,6.7,24,8.8,24,15.9,999.9,67.5,*,53.2, ,0.0,I,999.9,0
134,8181099999,2019-05-15,41.297078,2.078464,3.65,"BARCELONA, SP",59.9,24,48.7,24,9999.9,0,999.9,0,6.4,24,8.1,24,22.0,999.9,65.7,*,55.2, ,0.0,I,999.9,0
135,8181099999,2019-05-16,41.297078,2.078464,3.65,"BARCELONA, SP",59.6,24,49.3,24,9999.9,0,999.9,0,6.5,24,8.1,24,15.9,19.0,66.2,*,51.6, ,99.99, ,999.9,10000
136,8181099999,2019-05-17,41.297078,2.078464,3.65,"BARCELONA, SP",59.4,24,54.1,24,9999.9,0,999.9,0,5.8,24,6.0,24,13.0,26.0,63.5,*,53.6,*,0.04,G,999.9,10010
137,8181099999,2019-05-18,41.297078,2.078464,3.65,"BARCELONA, SP",59.0,24,50.4,24,9999.9,0,999.9,0,6.5,24,8.9,24,21.0,999.9,67.5,*,53.6,*,1.44,G,999.9,10000
138,8181099999,2019-05-19,41.297078,2.078464,3.65,"BARCELONA, SP",56.7,24,47.4,24,9999.9,0,999.9,0,6.7,24,5.6,24,13.0,20.0,64.8,*,51.8, ,0.0,G,999.9,10010
139,8181099999,2019-05-20,41.297078,2.078464,3.65,"BARCELONA, SP",59.5,24,49.4,24,9999.9,0,999.9,0,6.7,24,7.2,24,14.0,26.0,67.1,*,51.8, ,0.04,G,999.9,0
140,8181099999,2019-05-21,41.297078,2.078464,3.65,"BARCELONA, SP",61.7,24,54.0,24,9999.9,0,999.9,0,6.4,24,7.8,24,15.9,21.0,69.8,*,53.6,*,0.0,G,999.9,0
141,8181099999,2019-05-22,41.297078,2.078464,3.65,"BARCELONA, SP",63.2,24,57.3,24,9999.9,0,999.9,0,6.4,24,7.8,24,13.0,999.9,69.1,*,57.2,*,0.0,I,999.9,0
142,8181099999,2019-05-23,41.297078,2.078464,3.65,"BARCELONA, SP",63.9,24,57.3,24,9999.9,0,999.9,0,6.4,24,6.4,24,13.0,999.9,70.9,*,57.2,*,0.0,I,999.9,0
143,8181099999,2019-05-24,41.297078,2.078464,3.65,"BARCELONA, SP",60.3,24,56.9,24,9999.9,0,999.9,0,6.1,24,3.4,24,7.0,15.9,63.7,*,57.2,*,0.02,G,999.9,10000
144,8181099999,2019-05-25,41.297078,2.078464,3.65,"BARCELONA, SP",63.5,24,57.4,24,9999.9,0,999.9,0,5.9,24,5.6,24,11.1,20.0,72.0,*,57.2,*,0.75,G,999.9,10000
145,8181099999,2019-05-26,41.297078,2.078464,3.65,"BARCELONA, SP",66.0,24,53.2,24,9999.9,0,999.9,0,6.7,24,8.1,24,14.0,32.1,74.3,*,59.0,*,0.0,G,999.9,10000
146,8181099999,2019-05-27,41.297078,2.078464,3.65,"BARCELONA, SP",64.9,24,54.7,24,9999.9,0,999.9,0,6.7,24,8.9,24,14.0,24.1,72.5,*,59.0,*,99.99, ,999.9,10000
147,8181099999,2019-05-28,41.297078,2.078464,3.65,"BARCELONA, SP",63.7,24,56.0,24,9999.9,0,999.9,0,6.7,24,5.7,24,12.0,21.0,69.3,*,59.0,*,0.04,G,999.9,0
148,8181099999,2019-05-29,41.297078,2.078464,3.65,"BARCELONA, SP",64.1,24,54.5,24,9999.9,0,999.9,0,6.5,24,7.7,24,15.0,18.1,69.1,*,59.0,*,0.0,G,999.9,10000
149,8181099999,2019-05-30,41.297078,2.078464,3.65,"BARCELONA, SP",63.1,24,55.5,24,9999.9,0,999.9,0,6.4,24,7.0,24,12.0,999.9,70.7,*,55.4,*,0.0,I,999.9,0
150,8181099999,2019-05-31,41.297078,2.078464,3.65,"BARCELONA, SP",66.6,24,52.7,24,9999.9,0,999.9,0,6.5,24,8.7,24,15.0,18.1,73.8,*,59.0,*,0.0,I,999.9,0
151,8181099999,2019-06-01,41.297078,2.078464,3.65,"BARCELONA, SP",67.5,24,55.6,24,9999.9,0,999.9,0,6.8,24,10.6,24,19.0,999.9,74.3,*,60.8,*,0.0,I,999.9,0
152,8181099999,2019-06-02,41.297078,2.078464,3.65,"BARCELONA, SP",67.5,24,56.8,24,9999.9,0,999.9,0,6.7,24,10.3,24,20.0,999.9,75.2,*,60.8,*,0.0,I,999.9,0
153,8181099999,2019-06-03,41.297078,2.078464,3.65,"BARCELONA, SP",68.0,24,58.8,24,9999.9,0,999.9,0,6.7,24,8.4,24,15.0,999.9,74.7,*,60.8,*,0.0,I,999.9,0
154,8181099999,2019-06-04,41.297078,2.078464,3.65,"BARCELONA, SP",68.0,24,59.3,24,9999.9,0,999.9,0,6.7,24,4.9,24,9.9,999.9,74.7,*,60.8,*,0.0,I,999.9,0
155,8181099999,2019-06-05,41.297078,2.078464,3.65,"BARCELONA, SP",68.8,24,55.8,24,9999.9,0,999.9,0,6.7,24,8.9,24,22.0,33.0,79.7,*,60.8,*,0.0,I,999.9,0
156,8181099999,2019-06-06,41.297078,2.078464,3.65,"BARCELONA, SP",65.8,24,57.6,24,9999.9,0,999.9,0,6.3,24,6.7,24,12.0,999.9,71.1,*,60.8,*,0.0,I,999.9,0
157,8181099999,2019-06-07,41.297078,2.078464,3.65,"BARCELONA, SP",69.0,24,60.9,24,9999.9,0,999.9,0,6.4,24,10.3,24,22.0,999.9,75.6,*,62.6,*,0.0,I,999.9,0
158,8181099999,2019-06-08,41.297078,2.078464,3.65,"BARCELONA, SP",67.6,24,48.5,24,9999.9,0,999.9,0,6.7,24,8.2,24,16.9,999.9,73.4,*,59.0,*,0.0,I,999.9,0
159,8181099999,2019-06-09,41.297078,2.078464,3.65,"BARCELONA, SP",69.0,24,50.2,24,9999.9,0,999.9,0,6.8,24,6.6,24,14.0,20.0,80.6,*,66.2,*,0.0,I,999.9,0
160,8181099999,2019-06-10,41.297078,2.078464,3.65,"BARCELONA, SP",70.3,24,56.6,24,9999.9,0,999.9,0,6.1,24,9.1,24,18.1,26.0,78.8,*,62.6,*,0.0,I,999.9,0
161,8181099999,2019-06-11,41.297078,2.078464,3.65,"BARCELONA, SP",59.7,24,55.8,24,9999.9,0,999.9,0,5.8,24,6.8,24,14.0,999.9,67.5,*,55.4,*,1.46,F,999.9,10000
162,8181099999,2019-06-12,41.297078,2.078464,3.65,"BARCELONA, SP",60.7,24,52.9,24,9999.9,0,999.9,0,5.8,24,7.3,24,13.0,999.9,68.2,*,51.8,*,0.02,E,999.9,0
163,8181099999,2019-06-13,41.297078,2.078464,3.65,"BARCELONA, SP",64.1,24,52.8,24,9999.9,0,999.9,0,6.7,24,9.2,24,15.0,999.9,70.2,*,55.4, ,0.0,I,999.9,0
164,8181099999,2019-06-14,41.297078,2.078464,3.65,"BARCELONA, SP",69.4,24,53.5,24,9999.9,0,999.9,0,6.8,24,11.2,24,27.0,999.9,78.1,*,64.4, ,0.0,I,999.9,0
165,8181099999,2019-06-15,41.297078,2.078464,3.65,"BARCELONA, SP",67.6,24,60.2,24,9999.9,0,999.9,0,6.7,24,5.3,24,13.0,999.9,73.8,*,62.4, ,0.0,I,999.9,0
166,8181099999,2019-06-16,41.297078,2.078464,3.65,"BARCELONA, SP",67.8,24,58.9,24,9999.9,0,999.9,0,6.6,24,8.4,24,17.1,999.9,75.2,*,60.8,*,0.0,I,999.9,0
167,8181099999,2019-06-17,41.297078,2.078464,3.65,"BARCELONA, SP",68.8,24,60.7,24,9999.9,0,999.9,0,6.7,24,8.0,24,17.1,999.9,76.5,*,60.8,*,0.0,I,999.9,0
168,8181099999,2019-06-18,41.297078,2.078464,3.65,"BARCELONA, SP",70.0,24,60.6,24,9999.9,0,999.9,0,6.3,24,7.4,24,14.0,999.9,76.5,*,62.6,*,0.0,I,999.9,0
169,8181099999,2019-06-19,41.297078,2.078464,3.65,"BARCELONA, SP",69.5,24,61.2,24,9999.9,0,999.9,0,6.8,24,6.0,24,13.0,999.9,76.5,*,62.6,*,0.0,I,999.9,0
170,8181099999,2019-06-20,41.297078,2.078464,3.65,"BARCELONA, SP",70.6,24,63.5,24,9999.9,0,999.9,0,6.1,24,5.9,24,14.0,999.9,75.6,*,66.2,*,0.0,I,999.9,0
171,8181099999,2019-06-21,41.297078,2.078464,3.65,"BARCELONA, SP",71.5,24,62.2,24,9999.9,0,999.9,0,6.6,24,5.2,24,9.9,17.1,79.9,*,68.0, ,0.0,I,999.9,0
172,8181099999,2019-06-22,41.297078,2.078464,3.65,"BARCELONA, SP",72.3,24,62.1,24,9999.9,0,999.9,0,6.7,24,10.2,24,22.0,999.9,78.8,*,66.2,*,0.0,I,999.9,0
173,8181099999,2019-06-23,41.297078,2.078464,3.65,"BARCELONA, SP",72.6,24,66.3,24,9999.9,0,999.9,0,6.3,24,8.1,24,18.1,999.9,79.2,*,66.2,*,0.0,I,999.9,0
174,8181099999,2019-06-24,41.297078,2.078464,3.65,"BARCELONA, SP",74.0,24,62.5,24,9999.9,0,999.9,0,5.8,24,10.8,24,19.0,999.9,82.6,*,68.0,*,0.0,I,999.9,0
175,8181099999,2019-06-25,41.297078,2.078464,3.65,"BARCELONA, SP",76.0,24,65.6,24,9999.9,0,999.9,0,6.3,24,12.9,24,16.9,999.9,82.4,*,71.6,*,0.0,I,999.9,0
176,8181099999,2019-06-26,41.297078,2.078464,3.65,"BARCELONA, SP",80.3,24,61.9,24,9999.9,0,999.9,0,6.4,24,12.8,24,19.0,999.9,88.2,*,74.8, ,0.0,I,999.9,0
177,8181099999,2019-06-27,41.297078,2.078464,3.65,"BARCELONA, SP",79.0,24,60.4,24,9999.9,0,999.9,0,6.7,24,4.6,24,8.0,999.9,88.9,*,69.8,*,0.0,I,999.9,0
178,8181099999,2019-06-28,41.297078,2.078464,3.65,"BARCELONA, SP",80.9,24,60.2,24,9999.9,0,999.9,0,6.7,24,11.1,24,22.0,999.9,89.1,*,71.4, ,0.0,I,999.9,0
179,8181099999,2019-06-29,41.297078,2.078464,3.65,"BARCELONA, SP",81.9,24,62.7,24,9999.9,0,999.9,0,6.5,24,5.0,24,9.9,999.9,93.6,*,75.2,*,0.0,I,999.9,0
180,8181099999,2019-06-30,41.297078,2.078464,3.65,"BARCELONA, SP",76.3,24,70.2,24,9999.9,0,999.9,0,4.7,24,3.8,24,7.0,999.9,83.3,*,69.8,*,0.0,I,999.9,100000
181,8181099999,2019-07-01,41.297078,2.078464,3.65,"BARCELONA, SP",76.8,24,70.1,24,9999.9,0,999.9,0,5.1,24,5.5,24,12.0,20.0,82.4,*,71.6,*,99.99, ,999.9,110000
182,8181099999,2019-07-02,41.297078,2.078464,3.65,"BARCELONA, SP",77.9,24,69.9,24,9999.9,0,999.9,0,6.2,24,5.4,24,8.9,999.9,83.7,*,71.6,*,0.0,I,999.9,0
183,8181099999,2019-07-03,41.297078,2.078464,3.65,"BARCELONA, SP",78.6,24,68.1,24,9999.9,0,999.9,0,6.5,24,5.0,24,9.9,999.9,86.0,*,71.6,*,0.0,I,999.9,0
184,8181099999,2019-07-04,41.297078,2.078464,3.65,"BARCELONA, SP",79.1,24,66.6,24,9999.9,0,999.9,0,6.3,24,6.2,24,12.0,21.0,86.2,*,73.4,*,0.0,I,999.9,0
185,8181099999,2019-07-05,41.297078,2.078464,3.65,"BARCELONA, SP",79.0,24,70.5,24,9999.9,0,999.9,0,6.2,24,7.5,24,14.0,999.9,86.9,*,73.4, ,0.0,I,999.9,0
186,8181099999,2019-07-06,41.297078,2.078464,3.65,"BARCELONA, SP",78.9,24,72.0,24,9999.9,0,999.9,0,6.3,24,8.0,24,18.1,999.9,85.5,*,73.4,*,99.99, ,999.9,10010
187,8181099999,2019-07-07,41.297078,2.078464,3.65,"BARCELONA, SP",80.1,24,73.0,24,9999.9,0,999.9,0,6.0,24,6.7,24,14.0,20.0,87.1,*,75.2,*,0.02,G,999.9,10010
188,8181099999,2019-07-08,41.297078,2.078464,3.65,"BARCELONA, SP",78.6,24,68.6,24,9999.9,0,999.9,0,6.0,24,8.2,24,15.0,26.0,85.1,*,73.4,*,0.09,G,999.9,10010
189,8181099999,2019-07-09,41.297078,2.078464,3.65,"BARCELONA, SP",77.7,24,64.6,24,9999.9,0,999.9,0,6.9,24,9.1,24,19.0,29.9,86.2,*,71.6,*,0.17,G,999.9,10000
190,8181099999,2019-07-10,41.297078,2.078464,3.65,"BARCELONA, SP",76.6,24,63.8,24,9999.9,0,999.9,0,6.4,24,9.6,24,15.9,22.9,84.4,*,69.4, ,0.0,G,999.9,0
191,8181099999,2019-07-11,41.297078,2.078464,3.65,"BARCELONA, SP",77.5,24,69.1,24,9999.9,0,999.9,0,6.7,24,11.7,24,21.0,999.9,84.2,*,69.8,*,0.0,I,999.9,0
192,8181099999,2019-07-12,41.297078,2.078464,3.65,"BARCELONA, SP",77.6,24,71.2,24,9999.9,0,999.9,0,6.7,24,6.8,24,17.1,999.9,83.3,*,71.6,*,0.0,I,999.9,0
193,8181099999,2019-07-13,41.297078,2.078464,3.65,"BARCELONA, SP",78.6,24,67.1,24,9999.9,0,999.9,0,6.6,24,5.3,24,14.0,999.9,86.9,*,71.6,*,0.0,I,999.9,0
194,8181099999,2019-07-14,41.297078,2.078464,3.65,"BARCELONA, SP",77.3,24,63.7,24,9999.9,0,999.9,0,6.6,24,6.5,24,15.0,19.0,82.6,*,73.4,*,99.99, ,999.9,10010
195,8181099999,2019-07-15,41.297078,2.078464,3.65,"BARCELONA, SP",77.9,24,65.3,24,9999.9,0,999.9,0,6.7,24,7.5,24,15.0,18.1,83.3,*,71.6,*,0.0,I,999.9,0
196,8181099999,2019-07-16,41.297078,2.078464,3.65,"BARCELONA, SP",77.3,24,66.2,24,9999.9,0,999.9,0,6.5,24,8.8,24,15.9,17.1,83.7,*,71.6,*,0.0,I,999.9,0
197,8181099999,2019-07-17,41.297078,2.078464,3.65,"BARCELONA, SP",76.2,24,67.3,24,9999.9,0,999.9,0,6.7,24,7.8,24,22.9,33.0,84.4,*,69.8,*,99.99, ,999.9,10000
198,8181099999,2019-07-18,41.297078,2.078464,3.65,"BARCELONA, SP",76.9,24,65.4,24,9999.9,0,999.9,0,7.0,24,7.0,24,11.1,19.0,85.3,*,69.8, ,0.02,G,999.9,0
199,8181099999,2019-07-19,41.297078,2.078464,3.65,"BARCELONA, SP",78.0,24,69.5,24,9999.9,0,999.9,0,6.6,24,5.3,24,8.9,999.9,84.4,*,71.6,*,0.0,G,999.9,0
200,8181099999,2019-07-20,41.297078,2.078464,3.65,"BARCELONA, SP",78.6,24,70.8,24,9999.9,0,999.9,0,6.7,24,6.5,24,11.1,999.9,85.5,*,71.6,*,0.0,I,999.9,0
201,8181099999,2019-07-21,41.297078,2.078464,3.65,"BARCELONA, SP",78.9,24,70.0,24,9999.9,0,999.9,0,6.6,24,5.1,24,11.1,999.9,86.0,*,73.4,*,0.0,I,999.9,0
202,8181099999,2019-07-22,41.297078,2.078464,3.65,"BARCELONA, SP",79.7,24,68.6,24,9999.9,0,999.9,0,6.7,24,5.0,24,8.0,999.9,87.3,*,73.2, ,0.0,I,999.9,0
203,8181099999,2019-07-23,41.297078,2.078464,3.65,"BARCELONA, SP",80.7,24,68.9,24,9999.9,0,999.9,0,6.5,24,6.9,24,15.9,999.9,88.2,*,73.4,*,0.0,I,999.9,0
204,8181099999,2019-07-24,41.297078,2.078464,3.65,"BARCELONA, SP",80.0,24,70.6,24,9999.9,0,999.9,0,6.6,24,4.9,24,8.9,999.9,87.1,*,73.4,*,0.0,I,999.9,0
205,8181099999,2019-07-25,41.297078,2.078464,3.65,"BARCELONA, SP",79.7,24,71.9,24,9999.9,0,999.9,0,6.6,24,5.1,24,8.0,999.9,86.4,*,73.4,*,0.0,I,999.9,0
206,8181099999,2019-07-26,41.297078,2.078464,3.65,"BARCELONA, SP",81.0,24,67.4,24,9999.9,0,999.9,0,6.4,24,6.1,24,11.1,999.9,88.9,*,73.4,*,0.0,I,999.9,0
207,8181099999,2019-07-27,41.297078,2.078464,3.65,"BARCELONA, SP",76.3,24,69.2,24,9999.9,0,999.9,0,6.5,24,7.0,24,15.0,999.9,81.9,*,68.0,*,0.05,G,999.9,10010
208,8181099999,2019-07-28,41.297078,2.078464,3.65,"BARCELONA, SP",75.2,24,58.2,24,9999.9,0,999.9,0,6.7,24,7.2,24,11.1,24.1,82.8,*,66.2,*,1.74,G,999.9,0
209,8181099999,2019-07-29,41.297078,2.078464,3.65,"BARCELONA, SP",76.6,24,68.0,24,9999.9,0,999.9,0,6.7,24,7.9,24,14.0,19.0,85.1,*,68.0,*,0.0,G,999.9,0
210,8181099999,2019-07-30,41.297078,2.078464,3.65,"BARCELONA, SP",78.8,24,69.2,24,9999.9,0,999.9,0,6.7,24,6.2,24,13.0,999.9,85.3,*,75.2,*,0.0,I,999.9,0
211,8181099999,2019-07-31,41.297078,2.078464,3.65,"BARCELONA, SP",77.0,24,63.8,24,9999.9,0,999.9,0,7.1,24,5.1,24,12.0,999.9,80.6,*,73.4,*,0.0,I,999.9,0
212,8181099999,2019-08-01,41.297078,2.078464,3.65,"BARCELONA, SP",78.1,24,60.5,24,9999.9,0,999.9,0,6.6,24,9.4,24,18.1,33.0,86.9,*,71.4, ,0.0,I,999.9,0
213,8181099999,2019-08-02,41.297078,2.078464,3.65,"BARCELONA, SP",78.6,24,60.4,24,9999.9,0,999.9,0,6.8,24,7.9,24,15.0,19.0,86.9,*,71.6,*,0.0,I,999.9,0
214,8181099999,2019-08-03,41.297078,2.078464,3.65,"BARCELONA, SP",78.7,24,64.8,24,9999.9,0,999.9,0,6.8,24,8.1,24,15.9,21.0,86.0,*,71.6,*,0.0,I,999.9,0
215,8181099999,2019-08-04,41.297078,2.078464,3.65,"BARCELONA, SP",78.8,24,69.8,24,9999.9,0,999.9,0,6.7,24,6.8,24,14.0,18.1,85.5,*,71.6,*,0.0,I,999.9,0
216,8181099999,2019-08-05,41.297078,2.078464,3.65,"BARCELONA, SP",80.4,24,64.6,24,9999.9,0,999.9,0,6.6,24,5.3,24,9.9,999.9,88.2,*,71.6,*,0.0,I,999.9,0
217,8181099999,2019-08-06,41.297078,2.078464,3.65,"BARCELONA, SP",79.8,24,70.8,24,9999.9,0,999.9,0,6.7,24,5.3,24,11.1,999.9,85.5,*,73.4,*,0.0,I,999.9,0
218,8181099999,2019-08-07,41.297078,2.078464,3.65,"BARCELONA, SP",79.9,24,72.8,24,9999.9,0,999.9,0,6.4,24,6.1,24,12.0,999.9,83.7,*,78.8,*,0.0,I,999.9,0
219,8181099999,2019-08-08,41.297078,2.078464,3.65,"BARCELONA, SP",81.1,24,74.7,24,9999.9,0,999.9,0,6.8,24,8.4,24,14.0,999.9,87.3,*,77.0,*,0.0,I,999.9,0
220,8181099999,2019-08-09,41.297078,2.078464,3.65,"BARCELONA, SP",81.2,24,73.2,24,9999.9,0,999.9,0,6.3,24,7.9,24,15.9,999.9,87.8,*,75.2,*,0.0,I,999.9,0
221,8181099999,2019-08-10,41.297078,2.078464,3.65,"BARCELONA, SP",81.0,24,72.9,24,9999.9,0,999.9,0,6.4,24,6.8,24,13.0,999.9,87.1,*,78.8, ,0.0,I,999.9,0
222,8181099999,2019-08-11,41.297078,2.078464,3.65,"BARCELONA, SP",79.8,24,70.4,24,9999.9,0,999.9,0,6.5,24,7.2,24,18.1,999.9,86.0,*,75.2,*,0.0,I,999.9,0
223,8181099999,2019-08-12,41.297078,2.078464,3.65,"BARCELONA, SP",76.7,24,66.5,24,9999.9,0,999.9,0,6.2,24,6.8,24,40.0,49.9,83.3,*,66.2,*,2.07,G,999.9,10110
224,8181099999,2019-08-13,41.297078,2.078464,3.65,"BARCELONA, SP",74.4,24,58.3,24,9999.9,0,999.9,0,6.7,24,11.2,24,18.1,25.1,81.5,*,69.4, ,0.0,G,999.9,0
225,8181099999,2019-08-14,41.297078,2.078464,3.65,"BARCELONA, SP",75.4,24,63.9,24,9999.9,0,999.9,0,6.7,24,6.3,24,11.1,19.0,82.8,*,68.0,*,0.0,I,999.9,0
226,8181099999,2019-08-15,41.297078,2.078464,3.65,"BARCELONA, SP",77.8,24,69.3,24,9999.9,0,999.9,0,6.5,24,6.4,24,15.0,15.9,85.1,*,71.6,*,99.99, ,999.9,10001
227,8181099999,2019-08-16,41.297078,2.078464,3.65,"BARCELONA, SP",76.7,24,71.1,24,9999.9,0,999.9,0,6.4,24,7.4,24,15.9,999.9,83.3,*,71.6,*,0.7,G,999.9,10000
228,8181099999,2019-08-17,41.297078,2.078464,3.65,"BARCELONA, SP",77.8,24,70.7,24,9999.9,0,999.9,0,6.0,24,7.2,24,14.0,999.9,84.6,*,71.6,*,0.0,G,999.9,0
229,8181099999,2019-08-18,41.297078,2.078464,3.65,"BARCELONA, SP",78.7,24,71.8,24,9999.9,0,999.9,0,6.7,24,6.4,24,14.0,999.9,85.5,*,71.6,*,99.99, ,999.9,10000
230,8181099999,2019-08-19,41.297078,2.078464,3.65,"BARCELONA, SP",78.7,24,69.8,24,9999.9,0,999.9,0,6.5,24,11.6,24,18.1,999.9,83.7,*,75.2,*,0.0,I,999.9,0
231,8181099999,2019-08-20,41.297078,2.078464,3.65,"BARCELONA, SP",78.0,24,63.6,24,9999.9,0,999.9,0,6.6,24,8.8,24,18.1,999.9,82.6,*,75.2,*,0.0,I,999.9,0
232,8181099999,2019-08-21,41.297078,2.078464,3.65,"BARCELONA, SP",75.6,24,64.5,24,9999.9,0,999.9,0,6.6,24,7.7,24,12.0,19.0,82.8,*,68.0,*,0.0,I,999.9,0
233,8181099999,2019-08-22,41.297078,2.078464,3.65,"BARCELONA, SP",78.1,24,66.8,24,9999.9,0,999.9,0,6.7,24,6.7,24,13.0,999.9,84.6,*,73.4,*,0.0,I,999.9,0
234,8181099999,2019-08-23,41.297078,2.078464,3.65,"BARCELONA, SP",76.5,24,64.5,24,9999.9,0,999.9,0,6.7,24,5.4,24,9.9,19.0,83.7,*,69.8,*,0.0,I,999.9,0
235,8181099999,2019-08-24,41.297078,2.078464,3.65,"BARCELONA, SP",77.2,24,65.1,24,9999.9,0,999.9,0,6.7,24,5.4,24,9.9,999.9,84.6,*,69.8,*,0.0,I,999.9,0
236,8181099999,2019-08-25,41.297078,2.078464,3.65,"BARCELONA, SP",77.8,24,68.1,24,9999.9,0,999.9,0,6.6,24,6.2,24,15.0,999.9,84.4,*,71.6,*,0.0,I,999.9,0
237,8181099999,2019-08-26,41.297078,2.078464,3.65,"BARCELONA, SP",76.8,24,65.4,24,9999.9,0,999.9,0,6.6,24,5.0,24,9.9,19.0,85.1,*,69.8,*,0.0,I,999.9,0
238,8181099999,2019-08-27,41.297078,2.078464,3.65,"BARCELONA, SP",76.1,24,68.3,24,9999.9,0,999.9,0,6.3,24,5.8,24,12.0,17.1,81.0,*,73.4,*,0.02,E,999.9,10010
239,8181099999,2019-08-28,41.297078,2.078464,3.65,"BARCELONA, SP",77.2,24,66.7,24,9999.9,0,999.9,0,6.4,24,5.6,24,8.9,17.1,84.6,*,69.8,*,0.0,I,999.9,0
240,8181099999,2019-08-29,41.297078,2.078464,3.65,"BARCELONA, SP",78.6,24,66.6,24,9999.9,0,999.9,0,6.3,24,6.8,24,12.0,22.9,87.1,*,71.6,*,0.0,I,999.9,0
241,8181099999,2019-08-30,41.297078,2.078464,3.65,"BARCELONA, SP",79.6,24,66.5,24,9999.9,0,999.9,0,6.5,24,5.6,24,9.9,22.0,88.9,*,73.4, ,0.0,I,999.9,0
242,8181099999,2019-08-31,41.297078,2.078464,3.65,"BARCELONA, SP",79.6,24,66.1,24,9999.9,0,999.9,0,6.7,24,5.7,24,12.0,17.1,86.9,*,73.4,*,0.0,I,999.9,0
243,8181099999,2019-09-01,41.297078,2.078464,3.65,"BARCELONA, SP",77.6,24,66.0,24,9999.9,0,999.9,0,6.7,24,5.6,24,9.9,19.0,86.0,*,69.8,*,99.99, ,999.9,10000
244,8181099999,2019-09-02,41.297078,2.078464,3.65,"BARCELONA, SP",77.4,24,65.7,24,9999.9,0,999.9,0,6.5,24,7.0,24,17.1,27.0,83.5,*,69.3,*,99.99, ,999.9,10010
245,8181099999,2019-09-03,41.297078,2.078464,3.65,"BARCELONA, SP",74.9,24,63.0,24,9999.9,0,999.9,0,6.5,24,5.5,24,12.0,26.0,81.5,*,68.4, ,2.87,G,999.9,10000
246,8181099999,2019-09-04,41.297078,2.078464,3.65,"BARCELONA, SP",74.7,24,64.1,24,9999.9,0,999.9,0,6.7,24,7.8,24,12.0,22.9,82.6,*,66.2,*,0.0,G,999.9,0
247,8181099999,2019-09-05,41.297078,2.078464,3.65,"BARCELONA, SP",73.8,24,61.0,24,9999.9,0,999.9,0,6.4,24,7.8,24,15.9,29.9,81.0,*,69.8,*,0.0,I,999.9,0
248,8181099999,2019-09-06,41.297078,2.078464,3.65,"BARCELONA, SP",72.5,24,53.4,24,9999.9,0,999.9,0,6.5,24,7.9,24,15.9,25.1,79.2,*,66.2,*,99.99, ,999.9,10000
249,8181099999,2019-09-07,41.297078,2.078464,3.65,"BARCELONA, SP",70.6,24,59.1,24,9999.9,0,999.9,0,6.2,24,7.1,24,13.0,26.0,78.8,*,64.2, ,0.44,G,999.9,10000
250,8181099999,2019-09-08,41.297078,2.078464,3.65,"BARCELONA, SP",71.2,24,61.0,24,9999.9,0,999.9,0,6.7,24,7.7,24,19.0,20.0,79.7,*,62.6,*,0.0,G,999.9,10000
251,8181099999,2019-09-09,41.297078,2.078464,3.65,"BARCELONA, SP",72.2,24,62.7,24,9999.9,0,999.9,0,6.7,24,7.4,24,14.0,999.9,77.4,*,66.2,*,0.09,G,999.9,10010
252,8181099999,2019-09-10,41.297078,2.078464,3.65,"BARCELONA, SP",64.0,24,59.6,24,9999.9,0,999.9,0,5.7,24,8.6,24,23.9,34.0,76.5,*,59.0,*,0.65,G,999.9,10010
253,8181099999,2019-09-11,41.297078,2.078464,3.65,"BARCELONA, SP",69.7,24,57.6,24,9999.9,0,999.9,0,6.1,24,14.5,24,26.0,35.0,78.8,*,59.0,*,1.58,G,999.9,10000
254,8181099999,2019-09-12,41.297078,2.078464,3.65,"BARCELONA, SP",72.4,24,57.3,24,9999.9,0,999.9,0,6.8,24,9.5,24,18.1,22.0,82.6,*,64.4,*,0.1,G,999.9,0
255,8181099999,2019-09-13,41.297078,2.078464,3.65,"BARCELONA, SP",71.8,24,58.5,24,9999.9,0,999.9,0,6.6,24,8.6,24,21.0,22.0,81.0,*,64.2, ,0.0,G,999.9,10000
256,8181099999,2019-09-14,41.297078,2.078464,3.65,"BARCELONA, SP",74.4,24,60.1,24,9999.9,0,999.9,0,6.6,24,10.3,24,20.0,999.9,82.4,*,68.0,*,0.03,G,999.9,10000
257,8181099999,2019-09-15,41.297078,2.078464,3.65,"BARCELONA, SP",75.1,24,61.1,24,9999.9,0,999.9,0,6.6,24,10.8,24,19.0,999.9,81.5,*,68.0,*,0.0,G,999.9,0
258,8181099999,2019-09-16,41.297078,2.078464,3.65,"BARCELONA, SP",73.5,24,58.9,24,9999.9,0,999.9,0,6.5,24,5.7,24,9.9,999.9,81.0,*,68.0,*,0.0,I,999.9,0
259,8181099999,2019-09-17,41.297078,2.078464,3.65,"BARCELONA, SP",72.6,24,60.5,24,9999.9,0,999.9,0,6.6,24,4.7,24,8.9,999.9,81.9,*,66.2, ,0.0,I,999.9,0
260,8181099999,2019-09-18,41.297078,2.078464,3.65,"BARCELONA, SP",74.3,24,64.6,24,1014.8,4,14.2,4,6.9,24,5.0,24,11.1,999.9,85.1,*,66.2,*,0.0,I,999.9,0
261,8181099999,2019-09-19,41.297078,2.078464,3.65,"BARCELONA, SP",72.9,24,62.5,24,9999.9,0,999.9,0,6.3,24,5.5,24,9.9,19.0,80.6,*,68.0,*,0.0,I,999.9,0
262,8181099999,2019-09-20,41.297078,2.078464,3.65,"BARCELONA, SP",71.9,24,63.1,24,9999.9,0,999.9,0,6.7,24,8.7,24,15.0,999.9,77.9,*,66.2,*,0.0,I,999.9,0
263,8181099999,2019-09-21,41.297078,2.078464,3.65,"BARCELONA, SP",71.5,24,66.0,24,1014.6,5,14.0,5,7.2,24,9.5,24,16.9,999.9,74.7,*,68.0,*,0.43,E,999.9,10010
264,8181099999,2019-09-22,41.297078,2.078464,3.65,"BARCELONA, SP",72.0,24,66.8,24,9999.9,0,999.9,0,6.5,24,9.1,24,15.9,999.9,79.7,*,66.2,*,99.99, ,999.9,10010
265,8181099999,2019-09-23,41.297078,2.078464,3.65,"BARCELONA, SP",71.0,24,61.3,24,9999.9,0,999.9,0,6.5,24,7.3,24,15.0,999.9,76.5,*,64.4,*,0.02,G,999.9,0
266,8181099999,2019-09-24,41.297078,2.078464,3.65,"BARCELONA, SP",72.3,24,65.6,24,9999.9,0,999.9,0,6.5,24,10.5,24,24.1,999.9,80.1,*,64.4,*,0.0,G,999.9,0
267,8181099999,2019-09-25,41.297078,2.078464,3.65,"BARCELONA, SP",72.2,24,62.6,24,9999.9,0,999.9,0,6.6,24,5.3,24,9.9,999.9,77.4,*,69.8,*,0.0,I,999.9,0
268,8181099999,2019-09-26,41.297078,2.078464,3.65,"BARCELONA, SP",72.1,24,64.1,24,9999.9,0,999.9,0,6.6,24,7.3,24,15.0,999.9,79.2,*,66.2,*,0.0,I,999.9,0
269,8181099999,2019-09-27,41.297078,2.078464,3.65,"BARCELONA, SP",72.6,24,66.2,24,9999.9,0,999.9,0,6.5,24,5.6,24,13.0,999.9,79.9,*,68.0,*,0.0,I,999.9,0
270,8181099999,2019-09-28,41.297078,2.078464,3.65,"BARCELONA, SP",72.9,24,63.7,24,9999.9,0,999.9,0,6.2,24,5.3,24,11.1,999.9,77.9,*,69.8,*,0.0,I,999.9,0
271,8181099999,2019-09-29,41.297078,2.078464,3.65,"BARCELONA, SP",72.5,24,66.6,24,9999.9,0,999.9,0,6.4,24,10.5,24,21.0,999.9,79.7,*,66.2,*,0.0,I,999.9,0
272,8181099999,2019-09-30,41.297078,2.078464,3.65,"BARCELONA, SP",72.3,24,64.8,24,9999.9,0,999.9,0,5.5,24,6.0,24,9.9,999.9,79.2,*,68.0, ,0.0,I,999.9,0
273,8181099999,2019-10-01,41.297078,2.078464,3.65,"BARCELONA, SP",72.2,24,66.4,24,9999.9,0,999.9,0,6.8,24,8.5,24,18.1,19.0,79.2,*,66.2,*,0.0,I,999.9,0
274,8181099999,2019-10-02,41.297078,2.078464,3.65,"BARCELONA, SP",72.0,24,58.9,24,1012.5,4,11.9,4,8.3,24,5.6,24,12.0,999.9,78.1,*,66.2,*,0.0,I,999.9,0
275,8181099999,2019-10-03,41.297078,2.078464,3.65,"BARCELONA, SP",68.2,24,54.4,24,9999.9,0,999.9,0,6.6,24,8.3,24,17.1,21.0,77.0,*,60.8,*,0.0,I,999.9,0
276,8181099999,2019-10-04,41.297078,2.078464,3.65,"BARCELONA, SP",68.5,24,57.1,24,9999.9,0,999.9,0,6.7,24,6.7,24,13.0,19.0,77.4,*,60.8,*,0.0,I,999.9,0
277,8181099999,2019-10-05,41.297078,2.078464,3.65,"BARCELONA, SP",68.3,24,60.3,24,9999.9,0,999.9,0,6.7,24,5.2,24,9.9,17.1,74.3,*,62.6,*,99.99, ,999.9,10000
278,8181099999,2019-10-06,41.297078,2.078464,3.65,"BARCELONA, SP",69.5,24,62.4,24,9999.9,0,999.9,0,6.3,24,5.4,24,11.1,999.9,74.7,*,64.4,*,0.0,I,999.9,0
279,8181099999,2019-10-07,41.297078,2.078464,3.65,"BARCELONA, SP",68.6,24,53.9,24,9999.9,0,999.9,0,6.5,24,7.3,24,14.0,21.0,76.1,*,62.6,*,0.0,I,999.9,0
280,8181099999,2019-10-08,41.297078,2.078464,3.65,"BARCELONA, SP",69.3,24,59.6,24,9999.9,0,999.9,0,6.6,24,10.1,24,19.0,999.9,77.4,*,62.6,*,0.0,I,999.9,0
281,8181099999,2019-10-09,41.297078,2.078464,3.65,"BARCELONA, SP",69.4,24,63.3,24,9999.9,0,999.9,0,6.4,24,7.3,24,18.1,999.9,76.5,*,66.2,*,0.01,E,999.9,10000
282,8181099999,2019-10-10,41.297078,2.078464,3.65,"BARCELONA, SP",67.3,24,59.4,24,9999.9,0,999.9,0,6.7,24,4.5,24,8.9,999.9,70.7,*,64.4,*,0.03,G,999.9,10000
283,8181099999,2019-10-11,41.297078,2.078464,3.65,"BARCELONA, SP",69.3,24,63.0,24,9999.9,0,999.9,0,6.0,24,5.4,24,8.9,17.1,74.5,*,64.4,*,0.0,G,999.9,0
284,8181099999,2019-10-12,41.297078,2.078464,3.65,"BARCELONA, SP",70.4,24,65.7,24,9999.9,0,999.9,0,6.3,24,4.2,24,8.9,999.9,77.0,*,66.2,*,0.0,I,999.9,0
285,8181099999,2019-10-13,41.297078,2.078464,3.65,"BARCELONA, SP",72.5,24,67.3,24,9999.9,0,999.9,0,6.6,24,8.1,24,15.0,999.9,77.0,*,69.8, ,0.0,I,999.9,0
286,8181099999,2019-10-14,41.297078,2.078464,3.65,"BARCELONA, SP",71.4,24,67.3,24,9999.9,0,999.9,0,5.7,24,7.7,24,14.0,999.9,77.2,*,68.0,*,0.12,E,999.9,10010
287,8181099999,2019-10-15,41.297078,2.078464,3.65,"BARCELONA, SP",64.5,24,45.6,24,9999.9,0,999.9,0,6.0,24,7.6,24,19.0,28.0,72.5,*,59.0,*,0.59,A,999.9,10010
288,8181099999,2019-10-16,41.297078,2.078464,3.65,"BARCELONA, SP",63.5,24,48.9,24,9999.9,0,999.9,0,6.7,24,7.6,24,17.1,999.9,73.8,*,53.2, ,0.0,I,999.9,0
289,8181099999,2019-10-17,41.297078,2.078464,3.65,"BARCELONA, SP",65.5,24,54.1,24,9999.9,0,999.9,0,6.7,24,6.5,24,11.1,20.0,75.6,*,55.4,*,0.0,I,999.9,0
290,8181099999,2019-10-18,41.297078,2.078464,3.65,"BARCELONA, SP",66.4,24,55.1,24,9999.9,0,999.9,0,7.2,24,4.5,24,8.9,17.1,74.5,*,58.8, ,0.0,I,999.9,0
291,8181099999,2019-10-19,41.297078,2.078464,3.65,"BARCELONA, SP",68.3,24,61.5,24,9999.9,0,999.9,0,6.5,24,7.9,24,15.0,20.0,76.5,*,60.8,*,0.0,I,999.9,0
292,8181099999,2019-10-20,41.297078,2.078464,3.65,"BARCELONA, SP",70.6,24,60.8,24,9999.9,0,999.9,0,6.2,24,11.0,24,17.1,999.9,75.6,*,62.6,*,0.05,G,999.9,10000
293,8181099999,2019-10-21,41.297078,2.078464,3.65,"BARCELONA, SP",61.6,24,52.3,24,9999.9,0,999.9,0,6.7,24,7.7,24,13.0,27.0,65.7,*,58.8, ,0.0,G,999.9,10000
294,8181099999,2019-10-22,41.297078,2.078464,3.65,"BARCELONA, SP",64.6,24,59.7,24,9999.9,0,999.9,0,6.1,24,15.9,24,30.9,34.0,70.2,*,58.5, ,0.34,G,999.9,10010
295,8181099999,2019-10-23,41.297078,2.078464,3.65,"BARCELONA, SP",63.5,24,55.1,24,9999.9,0,999.9,0,6.2,24,9.1,24,19.0,26.0,68.4,*,59.0,*,1.73,G,999.9,10010
296,8181099999,2019-10-24,41.297078,2.078464,3.65,"BARCELONA, SP",60.6,24,50.7,24,9999.9,0,999.9,0,6.6,24,8.6,24,14.0,22.0,70.0,*,53.6,*,0.02,G,999.9,0
297,8181099999,2019-10-25,41.297078,2.078464,3.65,"BARCELONA, SP",61.0,24,51.3,24,9999.9,0,999.9,0,7.8,24,6.3,24,14.0,20.0,70.2,*,53.6,*,0.0,G,999.9,0
298,8181099999,2019-10-26,41.297078,2.078464,3.65,"BARCELONA, SP",61.5,24,51.3,24,9999.9,0,999.9,0,6.1,24,7.4,24,13.0,22.9,73.8,*,53.6, ,0.0,I,999.9,0
299,8181099999,2019-10-27,41.297078,2.078464,3.65,"BARCELONA, SP",62.2,24,55.9,24,9999.9,0,999.9,0,6.3,24,7.2,24,12.0,21.0,71.1,*,55.4,*,0.0,I,999.9,0
300,8181099999,2019-10-28,41.297078,2.078464,3.65,"BARCELONA, SP",62.7,24,57.8,24,9999.9,0,999.9,0,6.3,24,6.8,24,13.0,15.9,70.2,*,57.0, ,0.0,I,999.9,0
301,8181099999,2019-10-29,41.297078,2.078464,3.65,"BARCELONA, SP",62.6,24,57.7,24,9999.9,0,999.9,0,5.8,24,5.9,24,12.0,15.0,71.8,*,55.4,*,0.0,I,999.9,0
302,8181099999,2019-10-30,41.297078,2.078464,3.65,"BARCELONA, SP",64.2,24,56.8,24,9999.9,0,999.9,0,6.3,24,7.0,24,12.0,21.0,74.3,*,57.2,*,0.0,I,999.9,0
303,8181099999,2019-10-31,41.297078,2.078464,3.65,"BARCELONA, SP",64.4,24,56.7,24,9999.9,0,999.9,0,6.4,24,5.3,24,9.9,17.1,72.9,*,59.0,*,0.0,E,999.9,10000
304,8181099999,2019-11-01,41.297078,2.078464,3.65,"BARCELONA, SP",62.4,24,55.9,24,9999.9,0,999.9,0,6.3,24,5.3,24,11.1,19.0,71.1,*,55.4,*,0.0,I,999.9,0
305,8181099999,2019-11-02,41.297078,2.078464,3.65,"BARCELONA, SP",65.8,24,58.7,24,9999.9,0,999.9,0,6.2,24,7.4,24,20.0,999.9,74.7,*,59.0,*,0.02,E,999.9,10000
306,8181099999,2019-11-03,41.297078,2.078464,3.65,"BARCELONA, SP",65.2,24,47.6,24,9999.9,0,999.9,0,6.7,24,12.4,24,26.0,36.9,69.8,*,60.8,*,0.02,E,999.9,10000
307,8181099999,2019-11-04,41.297078,2.078464,3.65,"BARCELONA, SP",65.8,24,50.9,24,9999.9,0,999.9,0,7.1,24,13.3,24,24.1,34.0,75.6,*,58.8, ,0.0,I,999.9,0
308,8181099999,2019-11-05,41.297078,2.078464,3.65,"BARCELONA, SP",61.7,24,42.0,24,9999.9,0,999.9,0,7.0,24,11.7,24,22.0,32.1,67.3,*,55.4,*,0.0,I,999.9,0
309,8181099999,2019-11-06,41.297078,2.078464,3.65,"BARCELONA, SP",58.3,24,42.3,24,9999.9,0,999.9,0,6.6,24,7.8,24,19.0,29.9,68.0,*,51.8,*,0.0,I,999.9,0
310,8181099999,2019-11-07,41.297078,2.078464,3.65,"BARCELONA, SP",55.6,20,41.8,20,9999.9,0,999.9,0,6.8,20,6.6,20,15.0,999.9,66.4,*,48.2,*,0.0,I,999.9,0
311,8181099999,2019-11-08,41.297078,2.078464,3.65,"BARCELONA, SP",53.1,24,35.3,24,9999.9,0,999.9,0,6.7,24,10.1,24,25.1,35.0,60.3,*,48.2,*,0.0,I,999.9,0
312,8181099999,2019-11-09,41.297078,2.078464,3.65,"BARCELONA, SP",53.8,24,38.8,24,9999.9,0,999.9,0,6.7,24,7.4,24,15.9,24.1,62.6,*,44.6,*,0.0,I,999.9,0
313,8181099999,2019-11-10,41.297078,2.078464,3.65,"BARCELONA, SP",52.8,24,42.2,24,9999.9,0,999.9,0,6.8,24,6.3,24,15.0,25.1,61.2,*,46.4,*,0.22,G,999.9,10000
314,8181099999,2019-11-11,41.297078,2.078464,3.65,"BARCELONA, SP",50.5,24,36.7,24,9999.9,0,999.9,0,6.7,24,12.4,24,21.0,32.1,61.7,*,42.8,*,0.01,G,999.9,0
315,8181099999,2019-11-12,41.297078,2.078464,3.65,"BARCELONA, SP",54.8,24,38.3,24,9999.9,0,999.9,0,6.9,24,7.1,24,13.0,22.0,65.7,*,47.5, ,0.01,G,999.9,0
316,8181099999,2019-11-13,41.297078,2.078464,3.65,"BARCELONA, SP",51.0,24,44.2,24,9999.9,0,999.9,0,6.7,24,7.2,24,13.0,21.0,59.0,*,46.4,*,0.0,G,999.9,10000
317,8181099999,2019-11-14,41.297078,2.078464,3.65,"BARCELONA, SP",49.7,24,44.1,24,9999.9,0,999.9,0,6.3,24,6.3,24,18.1,21.0,60.8,*,41.0,*,0.15,G,999.9,10010
318,8181099999,2019-11-15,41.297078,2.078464,3.65,"BARCELONA, SP",46.9,24,37.2,24,9999.9,0,999.9,0,6.6,24,8.3,24,14.0,24.1,56.5,*,41.0,*,0.24,G,999.9,0
319,8181099999,2019-11-16,41.297078,2.078464,3.65,"BARCELONA, SP",47.3,24,36.6,24,9999.9,0,999.9,0,6.7,24,9.2,24,15.0,26.0,57.4,*,41.0,*,0.0,G,999.9,0
320,8181099999,2019-11-17,41.297078,2.078464,3.65,"BARCELONA, SP",48.6,24,37.9,24,9999.9,0,999.9,0,6.7,24,6.9,24,13.0,20.0,59.0,*,39.2,*,99.99, ,999.9,10000
321,8181099999,2019-11-18,41.297078,2.078464,3.65,"BARCELONA, SP",50.6,24,41.2,24,9999.9,0,999.9,0,6.9,24,6.8,24,11.1,22.0,60.3,*,44.6,*,0.0,I,999.9,0
322,8181099999,2019-11-19,41.297078,2.078464,3.65,"BARCELONA, SP",46.7,24,35.1,24,9999.9,0,999.9,0,6.8,24,7.5,24,13.0,22.0,56.7,*,41.0, ,0.0,I,999.9,0
323,8181099999,2019-11-20,41.297078,2.078464,3.65,"BARCELONA, SP",46.0,24,38.1,24,9999.9,0,999.9,0,6.5,24,8.6,24,14.0,26.0,56.7,*,37.4,*,99.99, ,999.9,10000
324,8181099999,2019-11-21,41.297078,2.078464,3.65,"BARCELONA, SP",50.5,24,41.8,24,9999.9,0,999.9,0,6.6,24,8.5,24,15.9,20.0,61.0,*,44.4, ,0.0,I,999.9,0
325,8181099999,2019-11-22,41.297078,2.078464,3.65,"BARCELONA, SP",54.2,24,48.5,24,9999.9,0,999.9,0,6.2,24,9.5,24,18.1,999.9,63.0,*,45.9,*,0.01,G,999.9,10000
326,8181099999,2019-11-23,41.297078,2.078464,3.65,"BARCELONA, SP",57.1,24,45.3,24,9999.9,0,999.9,0,6.0,24,12.3,24,22.0,31.1,62.1,*,53.1, ,0.33,G,999.9,10000
327,8181099999,2019-11-24,41.297078,2.078464,3.65,"BARCELONA, SP",54.2,24,40.5,24,9999.9,0,999.9,0,6.9,24,8.6,24,21.0,31.1,63.5,*,48.2,*,0.0,G,999.9,0
328,8181099999,2019-11-25,41.297078,2.078464,3.65,"BARCELONA, SP",53.0,24,44.3,24,9999.9,0,999.9,0,6.7,24,6.6,24,12.0,20.0,62.6,*,46.4,*,0.0,I,999.9,0
329,8181099999,2019-11-26,41.297078,2.078464,3.65,"BARCELONA, SP",54.8,24,48.1,24,9999.9,0,999.9,0,6.4,24,8.8,24,15.9,999.9,65.3,*,46.4,*,0.0,I,999.9,0
330,8181099999,2019-11-27,41.297078,2.078464,3.65,"BARCELONA, SP",60.2,24,44.9,24,9999.9,0,999.9,0,6.5,24,8.0,24,17.1,20.0,67.5,*,51.8,*,99.99, ,999.9,10000
331,8181099999,2019-11-28,41.297078,2.078464,3.65,"BARCELONA, SP",59.2,24,46.9,24,9999.9,0,999.9,0,6.6,24,10.9,24,20.0,999.9,66.2,*,50.0,*,0.0,I,999.9,0
332,8181099999,2019-11-29,41.297078,2.078464,3.65,"BARCELONA, SP",58.1,24,50.1,24,9999.9,0,999.9,0,6.7,24,3.8,24,12.0,999.9,67.1,*,53.1,*,0.0,I,999.9,0
333,8181099999,2019-11-30,41.297078,2.078464,3.65,"BARCELONA, SP",56.0,24,52.2,24,9999.9,0,999.9,0,6.0,24,7.1,24,12.0,18.1,63.0,*,50.0,*,0.0,I,999.9,0
334,8181099999,2019-12-01,41.297078,2.078464,3.65,"BARCELONA, SP",56.5,24,48.9,24,9999.9,0,999.9,0,6.1,24,5.1,24,8.9,19.0,63.0,*,51.8,*,99.99, ,999.9,10000
335,8181099999,2019-12-02,41.297078,2.078464,3.65,"BARCELONA, SP",51.1,24,44.3,24,9999.9,0,999.9,0,6.5,24,6.1,24,9.9,19.0,58.3,*,46.4,*,0.0,I,999.9,0
336,8181099999,2019-12-03,41.297078,2.078464,3.65,"BARCELONA, SP",51.5,24,42.0,24,9999.9,0,999.9,0,6.5,24,12.7,24,22.9,33.0,58.3,*,44.6,*,0.0,I,999.9,0
337,8181099999,2019-12-04,41.297078,2.078464,3.65,"BARCELONA, SP",54.9,24,50.4,24,9999.9,0,999.9,0,5.3,24,21.1,24,28.9,41.0,58.3,*,51.8,*,1.81,E,999.9,10000
338,8181099999,2019-12-05,41.297078,2.078464,3.65,"BARCELONA, SP",54.5,24,49.4,24,9999.9,0,999.9,0,6.2,24,10.8,24,22.9,29.9,59.4,*,51.8, ,1.22,F,999.9,10000
339,8181099999,2019-12-06,41.297078,2.078464,3.65,"BARCELONA, SP",54.2,24,48.0,24,9999.9,0,999.9,0,6.6,24,6.6,24,9.9,20.0,61.9,*,50.0,*,0.0,I,999.9,0
340,8181099999,2019-12-07,41.297078,2.078464,3.65,"BARCELONA, SP",52.4,24,46.7,24,9999.9,0,999.9,0,6.3,24,7.6,24,14.0,24.1,60.8,*,46.0, ,0.0,I,999.9,0
341,8181099999,2019-12-08,41.297078,2.078464,3.65,"BARCELONA, SP",49.3,24,43.4,24,9999.9,0,999.9,0,6.3,24,9.9,24,15.0,25.1,58.5,*,42.8,*,0.0,I,999.9,0
342,8181099999,2019-12-09,41.297078,2.078464,3.65,"BARCELONA, SP",54.2,24,40.7,24,9999.9,0,999.9,0,6.7,24,10.3,24,21.0,28.0,62.4, ,48.2,*,0.0,E,999.9,0
343,8181099999,2019-12-10,41.297078,2.078464,3.65,"BARCELONA, SP",49.6,24,39.3,24,9999.9,0,999.9,0,6.7,24,5.7,24,12.0,19.0,58.1,*,42.8,*,0.0,I,999.9,0
344,8181099999,2019-12-11,41.297078,2.078464,3.65,"BARCELONA, SP",48.7,24,40.2,24,9999.9,0,999.9,0,6.3,24,7.7,24,13.0,25.1,59.5, ,42.8,*,0.01,E,999.9,10000
345,8181099999,2019-12-12,41.297078,2.078464,3.65,"BARCELONA, SP",52.7,24,38.6,24,9999.9,0,999.9,0,6.7,24,11.5,24,18.1,28.9,58.1,*,44.4, ,0.0,E,999.9,0
346,8181099999,2019-12-13,41.297078,2.078464,3.65,"BARCELONA, SP",62.3,24,47.7,24,9999.9,0,999.9,0,7.2,24,11.5,24,29.9,42.0,69.8,*,53.6,*,0.0,I,999.9,0
347,8181099999,2019-12-14,41.297078,2.078464,3.65,"BARCELONA, SP",61.1,24,44.8,24,9999.9,0,999.9,0,6.7,24,12.1,24,26.0,38.1,68.4,*,51.8,*,0.0,I,999.9,0
348,8181099999,2019-12-15,41.297078,2.078464,3.65,"BARCELONA, SP",53.7,24,45.4,24,9999.9,0,999.9,0,6.7,24,6.4,24,17.1,999.9,62.6,*,46.4,*,0.0,A,999.9,0
349,8181099999,2019-12-16,41.297078,2.078464,3.65,"BARCELONA, SP",52.0,24,46.9,24,9999.9,0,999.9,0,6.3,24,6.8,24,9.9,22.0,59.0,*,46.4,*,0.0,I,999.9,0
350,8181099999,2019-12-17,41.297078,2.078464,3.65,"BARCELONA, SP",57.0,24,53.1,24,9999.9,0,999.9,0,5.2,24,6.4,24,13.0,999.9,62.6,*,53.4, ,0.0,I,999.9,0
351,8181099999,2019-12-18,41.297078,2.078464,3.65,"BARCELONA, SP",56.5,24,50.9,24,9999.9,0,999.9,0,5.9,24,6.2,24,9.9,18.1,64.4,*,51.8,*,0.0,I,999.9,0
352,8181099999,2019-12-19,41.297078,2.078464,3.65,"BARCELONA, SP",53.6,24,48.7,24,9999.9,0,999.9,0,6.0,24,7.0,24,13.0,999.9,60.8,*,48.0, ,0.0,I,999.9,0
353,8181099999,2019-12-20,41.297078,2.078464,3.65,"BARCELONA, SP",58.8,24,54.8,24,9999.9,0,999.9,0,5.2,24,10.1,24,22.9,32.1,62.1,*,55.4, ,0.29,G,999.9,10000
354,8181099999,2019-12-21,41.297078,2.078464,3.65,"BARCELONA, SP",60.2,24,51.0,24,9999.9,0,999.9,0,5.9,24,9.8,24,33.0,48.0,66.2,*,55.2, ,0.24,G,999.9,10000
355,8181099999,2019-12-22,41.297078,2.078464,3.65,"BARCELONA, SP",62.0,24,40.6,24,9999.9,0,999.9,0,6.7,24,19.5,24,33.0,49.0,66.2,*,55.4,*,0.01,G,999.9,0
356,8181099999,2019-12-23,41.297078,2.078464,3.65,"BARCELONA, SP",56.0,24,39.2,24,9999.9,0,999.9,0,6.7,24,10.0,24,20.0,28.9,63.5,*,46.4,*,0.0,G,999.9,0
357,8181099999,2019-12-24,41.297078,2.078464,3.65,"BARCELONA, SP",53.0,24,43.5,24,9999.9,0,999.9,0,6.8,24,7.7,24,12.0,22.9,63.9,*,44.6,*,0.0,I,999.9,0
358,8181099999,2019-12-25,41.297078,2.078464,3.65,"BARCELONA, SP",53.9,24,47.0,24,9999.9,0,999.9,0,6.5,24,8.9,24,14.0,999.9,63.9,*,48.2,*,0.0,I,999.9,0
359,8181099999,2019-12-26,41.297078,2.078464,3.65,"BARCELONA, SP",53.4,24,46.2,24,9999.9,0,999.9,0,6.7,24,8.4,24,15.9,22.9,62.8,*,48.2,*,0.0,I,999.9,0
360,8181099999,2019-12-27,41.297078,2.078464,3.65,"BARCELONA, SP",50.1,24,42.3,24,9999.9,0,999.9,0,6.7,24,10.3,24,14.0,42.9,57.2,*,44.6,*,0.0,I,999.9,0
361,8181099999,2019-12-28,41.297078,2.078464,3.65,"BARCELONA, SP",48.3,24,41.8,24,9999.9,0,999.9,0,6.5,24,7.4,24,13.0,21.0,59.9,*,41.0,*,0.0,I,999.9,0
362,8181099999,2019-12-29,41.297078,2.078464,3.65,"BARCELONA, SP",50.7,24,44.8,24,9999.9,0,999.9,0,6.6,24,5.6,24,9.9,18.1,57.4,*,46.4,*,0.0,I,999.9,0
363,8181099999,2019-12-30,41.297078,2.078464,3.65,"BARCELONA, SP",50.9,24,43.2,24,9999.9,0,999.9,0,6.3,24,6.7,24,13.0,20.0,57.6,*,44.6,*,0.0,I,999.9,0
364,8181099999,2019-12-31,41.297078,2.078464,3.65,"BARCELONA, SP",47.9,24,40.7,24,9999.9,0,999.9,0,6.2,24,10.2,24,15.0,27.0,58.5,*,42.8,*,0.0,I,999.9,0
